OD Key,OBCS Key
OD-3018,OBCS-11889
OD-3017,OBCS-11888
OD-3016,OBCS-11887
OD-3015,OBCS-11886
OD-3014,OBCS-11885
OD-3013,OBCS-11884
OD-3012,OBCS-11883
OD-3011,OBCS-11882
OD-2998,OBCS-11818
OD-2997,OBCS-11817
OD-2996,OBCS-11816
OD-2995,OBCS-11815
OD-2994,OBCS-11814
OD-2987,OBCS-11812
OD-2986,OBCS-11811
OD-2985,OBCS-11810
OD-2974,OBCS-11729
OD-2973,OBCS-11728
OD-2972,OBCS-11727
OD-2971,OBCS-11722
OD-2970,OBCS-11719
OD-2969,OBCS-11718
OD-2964,OBCS-11711
OD-2963,OBCS-11623
OD-2962,OBCS-11621
OD-2961,OBCS-11619
OD-2960,OBCS-11613
OD-2959,OBCS-11611
OD-2958,OBCS-11609
OD-2957,OBCS-11605
OD-2956,OBCS-11602
OD-2955,OBCS-11562
OD-2954,OBCS-11498
OD-2953,OBCS-11496
OD-2952,OBCS-11494
OD-2951,OBCS-11493
OD-2950,OBCS-11492
OD-2949,OBCS-11491
OD-2948,OBCS-11488
OD-2947,OBCS-11487
OD-2946,OBCS-11483
OD-2945,OBCS-11481
OD-2944,OBCS-11480
OD-2943,OBCS-11478
OD-2942,OBCS-11476
OD-2941,OBCS-11473
OD-2940,OBCS-11472
OD-2939,OBCS-11471
OD-2938,OBCS-11458
OD-2937,OBCS-11383
OD-2936,OBCS-11382
OD-2935,OBCS-11381
OD-2934,OBCS-11380
OD-2933,OBCS-11356
OD-2932,OBCS-11346
OD-2931,OBCS-11345
OD-2930,OBCS-11344
OD-2929,OBCS-11343
OD-2928,OBCS-11342
OD-2927,OBCS-11341
OD-2926,OBCS-11340
OD-2925,OBCS-11339
OD-2924,OBCS-11338
OD-2923,OBCS-11337
OD-2922,OBCS-11336
OD-2921,OBCS-11335
OD-2920,OBCS-11334
OD-2919,OBCS-11333
OD-2918,OBCS-11332
OD-2917,OBCS-11331
OD-2910,OBCS-11330
OD-2909,OBCS-11328
OD-2908,OBCS-11327
OD-2907,OBCS-11326
OD-2906,OBCS-11325
OD-2905,OBCS-11324
OD-2904,OBCS-11323
OD-2903,OBCS-11322
OD-2902,OBCS-11321
OD-2901,OBCS-11320
OD-2900,OBCS-11319
OD-2899,OBCS-11318
OD-2898,OBCS-11317
OD-2897,OBCS-11264
OD-2896,OBCS-11246
OD-2895,OBCS-11245
OD-2894,OBCS-11244
OD-2893,OBCS-11243
OD-2892,OBCS-11242
OD-2891,OBCS-11241
OD-2890,OBCS-11240
OD-2889,OBCS-11239
OD-2888,OBCS-11237
OD-2880,OBCS-11225
OD-2878,OBCS-11223
OD-2877,OBCS-11222
OD-2876,OBCS-11149
OD-2875,OBCS-11148
OD-2874,OBCS-11147
OD-2873,OBCS-11139